DateKey,DateValue,Year,Quarter,Month,MonthName,Day,DayOfWeek,DayOfWeekName,IsWeekend
19960101,1996-01-01,1996,1,1,January,1,2,Monday,False
19960102,1996-01-02,1996,1,1,January,2,3,Tuesday,False
19960103,1996-01-03,1996,1,1,January,3,4,Wednesday,False
19960104,1996-01-04,1996,1,1,January,4,5,Thursday,False
19960105,1996-01-05,1996,1,1,January,5,6,Friday,False
19960106,1996-01-06,1996,1,1,January,6,7,Saturday,True
19960107,1996-01-07,1996,1,1,January,7,1,Sunday,True
19960108,1996-01-08,1996,1,1,January,8,2,Monday,False
19960109,1996-01-09,1996,1,1,January,9,3,Tuesday,False
19960110,1996-01-10,1996,1,1,January,10,4,Wednesday,False
19960111,1996-01-11,1996,1,1,January,11,5,Thursday,False
19960112,1996-01-12,1996,1,1,January,12,6,Friday,False
19960113,1996-01-13,1996,1,1,January,13,7,Saturday,True
19960114,1996-01-14,1996,1,1,January,14,1,Sunday,True
19960115,1996-01-15,1996,1,1,January,15,2,Monday,False
19960116,1996-01-16,1996,1,1,January,16,3,Tuesday,False
19960117,1996-01-17,1996,1,1,January,17,4,Wednesday,False
19960118,1996-01-18,1996,1,1,January,18,5,Thursday,False
19960119,1996-01-19,1996,1,1,January,19,6,Friday,False
19960120,1996-01-20,1996,1,1,January,20,7,Saturday,True
19960121,1996-01-21,1996,1,1,January,21,1,Sunday,True
19960122,1996-01-22,1996,1,1,January,22,2,Monday,False
19960123,1996-01-23,1996,1,1,January,23,3,Tuesday,False
19960124,1996-01-24,1996,1,1,January,24,4,Wednesday,False
19960125,1996-01-25,1996,1,1,January,25,5,Thursday,False
19960126,1996-01-26,1996,1,1,January,26,6,Friday,False
19960127,1996-01-27,1996,1,1,January,27,7,Saturday,True
19960128,1996-01-28,1996,1,1,January,28,1,Sunday,True
19960129,1996-01-29,1996,1,1,January,29,2,Monday,False
19960130,1996-01-30,1996,1,1,January,30,3,Tuesday,False
19960131,1996-01-31,1996,1,1,January,31,4,Wednesday,False
19960201,1996-02-01,1996,1,2,February,1,5,Thursday,False
19960202,1996-02-02,1996,1,2,February,2,6,Friday,False
19960203,1996-02-03,1996,1,2,February,3,7,Saturday,True
19960204,1996-02-04,1996,1,2,February,4,1,Sunday,True
19960205,1996-02-05,1996,1,2,February,5,2,Monday,False
19960206,1996-02-06,1996,1,2,February,6,3,Tuesday,False
19960207,1996-02-07,1996,1,2,February,7,4,Wednesday,False
19960208,1996-02-08,1996,1,2,February,8,5,Thursday,False
19960209,1996-02-09,1996,1,2,February,9,6,Friday,False
19960210,1996-02-10,1996,1,2,February,10,7,Saturday,True
19960211,1996-02-11,1996,1,2,February,11,1,Sunday,True
19960212,1996-02-12,1996,1,2,February,12,2,Monday,False
19960213,1996-02-13,1996,1,2,February,13,3,Tuesday,False
19960214,1996-02-14,1996,1,2,February,14,4,Wednesday,False
19960215,1996-02-15,1996,1,2,February,15,5,Thursday,False
19960216,1996-02-16,1996,1,2,February,16,6,Friday,False
19960217,1996-02-17,1996,1,2,February,17,7,Saturday,True
19960218,1996-02-18,1996,1,2,February,18,1,Sunday,True
19960219,1996-02-19,1996,1,2,February,19,2,Monday,False
19960220,1996-02-20,1996,1,2,February,20,3,Tuesday,False
19960221,1996-02-21,1996,1,2,February,21,4,Wednesday,False
19960222,1996-02-22,1996,1,2,February,22,5,Thursday,False
19960223,1996-02-23,1996,1,2,February,23,6,Friday,False
19960224,1996-02-24,1996,1,2,February,24,7,Saturday,True
19960225,1996-02-25,1996,1,2,February,25,1,Sunday,True
19960226,1996-02-26,1996,1,2,February,26,2,Monday,False
19960227,1996-02-27,1996,1,2,February,27,3,Tuesday,False
19960228,1996-02-28,1996,1,2,February,28,4,Wednesday,False
19960229,1996-02-29,1996,1,2,February,29,5,Thursday,False
19960301,1996-03-01,1996,1,3,March,1,6,Friday,False
19960302,1996-03-02,1996,1,3,March,2,7,Saturday,True
19960303,1996-03-03,1996,1,3,March,3,1,Sunday,True
19960304,1996-03-04,1996,1,3,March,4,2,Monday,False
19960305,1996-03-05,1996,1,3,March,5,3,Tuesday,False
19960306,1996-03-06,1996,1,3,March,6,4,Wednesday,False
19960307,1996-03-07,1996,1,3,March,7,5,Thursday,False
19960308,1996-03-08,1996,1,3,March,8,6,Friday,False
19960309,1996-03-09,1996,1,3,March,9,7,Saturday,True
19960310,1996-03-10,1996,1,3,March,10,1,Sunday,True
19960311,1996-03-11,1996,1,3,March,11,2,Monday,False
19960312,1996-03-12,1996,1,3,March,12,3,Tuesday,False
19960313,1996-03-13,1996,1,3,March,13,4,Wednesday,False
19960314,1996-03-14,1996,1,3,March,14,5,Thursday,False
19960315,1996-03-15,1996,1,3,March,15,6,Friday,False
19960316,1996-03-16,1996,1,3,March,16,7,Saturday,True
19960317,1996-03-17,1996,1,3,March,17,1,Sunday,True
19960318,1996-03-18,1996,1,3,March,18,2,Monday,False
19960319,1996-03-19,1996,1,3,March,19,3,Tuesday,False
19960320,1996-03-20,1996,1,3,March,20,4,Wednesday,False
19960321,1996-03-21,1996,1,3,March,21,5,Thursday,False
19960322,1996-03-22,1996,1,3,March,22,6,Friday,False
19960323,1996-03-23,1996,1,3,March,23,7,Saturday,True
19960324,1996-03-24,1996,1,3,March,24,1,Sunday,True
19960325,1996-03-25,1996,1,3,March,25,2,Monday,False
19960326,1996-03-26,1996,1,3,March,26,3,Tuesday,False
19960327,1996-03-27,1996,1,3,March,27,4,Wednesday,False
19960328,1996-03-28,1996,1,3,March,28,5,Thursday,False
19960329,1996-03-29,1996,1,3,March,29,6,Friday,False
19960330,1996-03-30,1996,1,3,March,30,7,Saturday,True
19960331,1996-03-31,1996,1,3,March,31,1,Sunday,True
19960401,1996-04-01,1996,2,4,April,1,2,Monday,False
19960402,1996-04-02,1996,2,4,April,2,3,Tuesday,False
19960403,1996-04-03,1996,2,4,April,3,4,Wednesday,False
19960404,1996-04-04,1996,2,4,April,4,5,Thursday,False
19960405,1996-04-05,1996,2,4,April,5,6,Friday,False
19960406,1996-04-06,1996,2,4,April,6,7,Saturday,True
19960407,1996-04-07,1996,2,4,April,7,1,Sunday,True
19960408,1996-04-08,1996,2,4,April,8,2,Monday,False
19960409,1996-04-09,1996,2,4,April,9,3,Tuesday,False
19960410,1996-04-10,1996,2,4,April,10,4,Wednesday,False
19960411,1996-04-11,1996,2,4,April,11,5,Thursday,False
19960412,1996-04-12,1996,2,4,April,12,6,Friday,False
19960413,1996-04-13,1996,2,4,April,13,7,Saturday,True
19960414,1996-04-14,1996,2,4,April,14,1,Sunday,True
19960415,1996-04-15,1996,2,4,April,15,2,Monday,False
19960416,1996-04-16,1996,2,4,April,16,3,Tuesday,False
19960417,1996-04-17,1996,2,4,April,17,4,Wednesday,False
19960418,1996-04-18,1996,2,4,April,18,5,Thursday,False
19960419,1996-04-19,1996,2,4,April,19,6,Friday,False
19960420,1996-04-20,1996,2,4,April,20,7,Saturday,True
19960421,1996-04-21,1996,2,4,April,21,1,Sunday,True
19960422,1996-04-22,1996,2,4,April,22,2,Monday,False
19960423,1996-04-23,1996,2,4,April,23,3,Tuesday,False
19960424,1996-04-24,1996,2,4,April,24,4,Wednesday,False
19960425,1996-04-25,1996,2,4,April,25,5,Thursday,False
19960426,1996-04-26,1996,2,4,April,26,6,Friday,False
19960427,1996-04-27,1996,2,4,April,27,7,Saturday,True
19960428,1996-04-28,1996,2,4,April,28,1,Sunday,True
19960429,1996-04-29,1996,2,4,April,29,2,Monday,False
19960430,1996-04-30,1996,2,4,April,30,3,Tuesday,False
19960501,1996-05-01,1996,2,5,May,1,4,Wednesday,False
19960502,1996-05-02,1996,2,5,May,2,5,Thursday,False
19960503,1996-05-03,1996,2,5,May,3,6,Friday,False
19960504,1996-05-04,1996,2,5,May,4,7,Saturday,True
19960505,1996-05-05,1996,2,5,May,5,1,Sunday,True
19960506,1996-05-06,1996,2,5,May,6,2,Monday,False
19960507,1996-05-07,1996,2,5,May,7,3,Tuesday,False
19960508,1996-05-08,1996,2,5,May,8,4,Wednesday,False
19960509,1996-05-09,1996,2,5,May,9,5,Thursday,False
19960510,1996-05-10,1996,2,5,May,10,6,Friday,False
19960511,1996-05-11,1996,2,5,May,11,7,Saturday,True
19960512,1996-05-12,1996,2,5,May,12,1,Sunday,True
19960513,1996-05-13,1996,2,5,May,13,2,Monday,False
19960514,1996-05-14,1996,2,5,May,14,3,Tuesday,False
19960515,1996-05-15,1996,2,5,May,15,4,Wednesday,False
19960516,1996-05-16,1996,2,5,May,16,5,Thursday,False
19960517,1996-05-17,1996,2,5,May,17,6,Friday,False
19960518,1996-05-18,1996,2,5,May,18,7,Saturday,True
19960519,1996-05-19,1996,2,5,May,19,1,Sunday,True
19960520,1996-05-20,1996,2,5,May,20,2,Monday,False
19960521,1996-05-21,1996,2,5,May,21,3,Tuesday,False
19960522,1996-05-22,1996,2,5,May,22,4,Wednesday,False
19960523,1996-05-23,1996,2,5,May,23,5,Thursday,False
19960524,1996-05-24,1996,2,5,May,24,6,Friday,False
19960525,1996-05-25,1996,2,5,May,25,7,Saturday,True
19960526,1996-05-26,1996,2,5,May,26,1,Sunday,True
19960527,1996-05-27,1996,2,5,May,27,2,Monday,False
19960528,1996-05-28,1996,2,5,May,28,3,Tuesday,False
19960529,1996-05-29,1996,2,5,May,29,4,Wednesday,False
19960530,1996-05-30,1996,2,5,May,30,5,Thursday,False
19960531,1996-05-31,1996,2,5,May,31,6,Friday,False
19960601,1996-06-01,1996,2,6,June,1,7,Saturday,True
19960602,1996-06-02,1996,2,6,June,2,1,Sunday,True
19960603,1996-06-03,1996,2,6,June,3,2,Monday,False
19960604,1996-06-04,1996,2,6,June,4,3,Tuesday,False
19960605,1996-06-05,1996,2,6,June,5,4,Wednesday,False
19960606,1996-06-06,1996,2,6,June,6,5,Thursday,False
19960607,1996-06-07,1996,2,6,June,7,6,Friday,False
19960608,1996-06-08,1996,2,6,June,8,7,Saturday,True
19960609,1996-06-09,1996,2,6,June,9,1,Sunday,True
19960610,1996-06-10,1996,2,6,June,10,2,Monday,False
19960611,1996-06-11,1996,2,6,June,11,3,Tuesday,False
19960612,1996-06-12,1996,2,6,June,12,4,Wednesday,False
19960613,1996-06-13,1996,2,6,June,13,5,Thursday,False
19960614,1996-06-14,1996,2,6,June,14,6,Friday,False
19960615,1996-06-15,1996,2,6,June,15,7,Saturday,True
19960616,1996-06-16,1996,2,6,June,16,1,Sunday,True
19960617,1996-06-17,1996,2,6,June,17,2,Monday,False
19960618,1996-06-18,1996,2,6,June,18,3,Tuesday,False
19960619,1996-06-19,1996,2,6,June,19,4,Wednesday,False
19960620,1996-06-20,1996,2,6,June,20,5,Thursday,False
19960621,1996-06-21,1996,2,6,June,21,6,Friday,False
19960622,1996-06-22,1996,2,6,June,22,7,Saturday,True
19960623,1996-06-23,1996,2,6,June,23,1,Sunday,True
19960624,1996-06-24,1996,2,6,June,24,2,Monday,False
19960625,1996-06-25,1996,2,6,June,25,3,Tuesday,False
19960626,1996-06-26,1996,2,6,June,26,4,Wednesday,False
19960627,1996-06-27,1996,2,6,June,27,5,Thursday,False
19960628,1996-06-28,1996,2,6,June,28,6,Friday,False
19960629,1996-06-29,1996,2,6,June,29,7,Saturday,True
19960630,1996-06-30,1996,2,6,June,30,1,Sunday,True
19960701,1996-07-01,1996,3,7,July,1,2,Monday,False
19960702,1996-07-02,1996,3,7,July,2,3,Tuesday,False
19960703,1996-07-03,1996,3,7,July,3,4,Wednesday,False
19960704,1996-07-04,1996,3,7,July,4,5,Thursday,False
19960705,1996-07-05,1996,3,7,July,5,6,Friday,False
19960706,1996-07-06,1996,3,7,July,6,7,Saturday,True
19960707,1996-07-07,1996,3,7,July,7,1,Sunday,True
19960708,1996-07-08,1996,3,7,July,8,2,Monday,False
19960709,1996-07-09,1996,3,7,July,9,3,Tuesday,False
19960710,1996-07-10,1996,3,7,July,10,4,Wednesday,False
19960711,1996-07-11,1996,3,7,July,11,5,Thursday,False
19960712,1996-07-12,1996,3,7,July,12,6,Friday,False
19960713,1996-07-13,1996,3,7,July,13,7,Saturday,True
19960714,1996-07-14,1996,3,7,July,14,1,Sunday,True
19960715,1996-07-15,1996,3,7,July,15,2,Monday,False
19960716,1996-07-16,1996,3,7,July,16,3,Tuesday,False
19960717,1996-07-17,1996,3,7,July,17,4,Wednesday,False
19960718,1996-07-18,1996,3,7,July,18,5,Thursday,False
19960719,1996-07-19,1996,3,7,July,19,6,Friday,False
19960720,1996-07-20,1996,3,7,July,20,7,Saturday,True
19960721,1996-07-21,1996,3,7,July,21,1,Sunday,True
19960722,1996-07-22,1996,3,7,July,22,2,Monday,False
19960723,1996-07-23,1996,3,7,July,23,3,Tuesday,False
19960724,1996-07-24,1996,3,7,July,24,4,Wednesday,False
19960725,1996-07-25,1996,3,7,July,25,5,Thursday,False
19960726,1996-07-26,1996,3,7,July,26,6,Friday,False
19960727,1996-07-27,1996,3,7,July,27,7,Saturday,True
19960728,1996-07-28,1996,3,7,July,28,1,Sunday,True
19960729,1996-07-29,1996,3,7,July,29,2,Monday,False
19960730,1996-07-30,1996,3,7,July,30,3,Tuesday,False
19960731,1996-07-31,1996,3,7,July,31,4,Wednesday,False
19960801,1996-08-01,1996,3,8,August,1,5,Thursday,False
19960802,1996-08-02,1996,3,8,August,2,6,Friday,False
19960803,1996-08-03,1996,3,8,August,3,7,Saturday,True
19960804,1996-08-04,1996,3,8,August,4,1,Sunday,True
19960805,1996-08-05,1996,3,8,August,5,2,Monday,False
19960806,1996-08-06,1996,3,8,August,6,3,Tuesday,False
19960807,1996-08-07,1996,3,8,August,7,4,Wednesday,False
19960808,1996-08-08,1996,3,8,August,8,5,Thursday,False
19960809,1996-08-09,1996,3,8,August,9,6,Friday,False
19960810,1996-08-10,1996,3,8,August,10,7,Saturday,True
19960811,1996-08-11,1996,3,8,August,11,1,Sunday,True
19960812,1996-08-12,1996,3,8,August,12,2,Monday,False
19960813,1996-08-13,1996,3,8,August,13,3,Tuesday,False
19960814,1996-08-14,1996,3,8,August,14,4,Wednesday,False
19960815,1996-08-15,1996,3,8,August,15,5,Thursday,False
19960816,1996-08-16,1996,3,8,August,16,6,Friday,False
19960817,1996-08-17,1996,3,8,August,17,7,Saturday,True
19960818,1996-08-18,1996,3,8,August,18,1,Sunday,True
19960819,1996-08-19,1996,3,8,August,19,2,Monday,False
19960820,1996-08-20,1996,3,8,August,20,3,Tuesday,False
19960821,1996-08-21,1996,3,8,August,21,4,Wednesday,False
19960822,1996-08-22,1996,3,8,August,22,5,Thursday,False
19960823,1996-08-23,1996,3,8,August,23,6,Friday,False
19960824,1996-08-24,1996,3,8,August,24,7,Saturday,True
19960825,1996-08-25,1996,3,8,August,25,1,Sunday,True
19960826,1996-08-26,1996,3,8,August,26,2,Monday,False
19960827,1996-08-27,1996,3,8,August,27,3,Tuesday,False
19960828,1996-08-28,1996,3,8,August,28,4,Wednesday,False
19960829,1996-08-29,1996,3,8,August,29,5,Thursday,False
19960830,1996-08-30,1996,3,8,August,30,6,Friday,False
19960831,1996-08-31,1996,3,8,August,31,7,Saturday,True
19960901,1996-09-01,1996,3,9,September,1,1,Sunday,True
19960902,1996-09-02,1996,3,9,September,2,2,Monday,False
19960903,1996-09-03,1996,3,9,September,3,3,Tuesday,False
19960904,1996-09-04,1996,3,9,September,4,4,Wednesday,False
19960905,1996-09-05,1996,3,9,September,5,5,Thursday,False
19960906,1996-09-06,1996,3,9,September,6,6,Friday,False
19960907,1996-09-07,1996,3,9,September,7,7,Saturday,True
19960908,1996-09-08,1996,3,9,September,8,1,Sunday,True
19960909,1996-09-09,1996,3,9,September,9,2,Monday,False
19960910,1996-09-10,1996,3,9,September,10,3,Tuesday,False
19960911,1996-09-11,1996,3,9,September,11,4,Wednesday,False
19960912,1996-09-12,1996,3,9,September,12,5,Thursday,False
19960913,1996-09-13,1996,3,9,September,13,6,Friday,False
19960914,1996-09-14,1996,3,9,September,14,7,Saturday,True
19960915,1996-09-15,1996,3,9,September,15,1,Sunday,True
19960916,1996-09-16,1996,3,9,September,16,2,Monday,False
19960917,1996-09-17,1996,3,9,September,17,3,Tuesday,False
19960918,1996-09-18,1996,3,9,September,18,4,Wednesday,False
19960919,1996-09-19,1996,3,9,September,19,5,Thursday,False
19960920,1996-09-20,1996,3,9,September,20,6,Friday,False
19960921,1996-09-21,1996,3,9,September,21,7,Saturday,True
19960922,1996-09-22,1996,3,9,September,22,1,Sunday,True
19960923,1996-09-23,1996,3,9,September,23,2,Monday,False
19960924,1996-09-24,1996,3,9,September,24,3,Tuesday,False
19960925,1996-09-25,1996,3,9,September,25,4,Wednesday,False
19960926,1996-09-26,1996,3,9,September,26,5,Thursday,False
19960927,1996-09-27,1996,3,9,September,27,6,Friday,False
19960928,1996-09-28,1996,3,9,September,28,7,Saturday,True
19960929,1996-09-29,1996,3,9,September,29,1,Sunday,True
19960930,1996-09-30,1996,3,9,September,30,2,Monday,False
19961001,1996-10-01,1996,4,10,October,1,3,Tuesday,False
19961002,1996-10-02,1996,4,10,October,2,4,Wednesday,False
19961003,1996-10-03,1996,4,10,October,3,5,Thursday,False
19961004,1996-10-04,1996,4,10,October,4,6,Friday,False
19961005,1996-10-05,1996,4,10,October,5,7,Saturday,True
19961006,1996-10-06,1996,4,10,October,6,1,Sunday,True
19961007,1996-10-07,1996,4,10,October,7,2,Monday,False
19961008,1996-10-08,1996,4,10,October,8,3,Tuesday,False
19961009,1996-10-09,1996,4,10,October,9,4,Wednesday,False
19961010,1996-10-10,1996,4,10,October,10,5,Thursday,False
19961011,1996-10-11,1996,4,10,October,11,6,Friday,False
19961012,1996-10-12,1996,4,10,October,12,7,Saturday,True
19961013,1996-10-13,1996,4,10,October,13,1,Sunday,True
19961014,1996-10-14,1996,4,10,October,14,2,Monday,False
19961015,1996-10-15,1996,4,10,October,15,3,Tuesday,False
19961016,1996-10-16,1996,4,10,October,16,4,Wednesday,False
19961017,1996-10-17,1996,4,10,October,17,5,Thursday,False
19961018,1996-10-18,1996,4,10,October,18,6,Friday,False
19961019,1996-10-19,1996,4,10,October,19,7,Saturday,True
19961020,1996-10-20,1996,4,10,October,20,1,Sunday,True
19961021,1996-10-21,1996,4,10,October,21,2,Monday,False
19961022,1996-10-22,1996,4,10,October,22,3,Tuesday,False
19961023,1996-10-23,1996,4,10,October,23,4,Wednesday,False
19961024,1996-10-24,1996,4,10,October,24,5,Thursday,False
19961025,1996-10-25,1996,4,10,October,25,6,Friday,False
19961026,1996-10-26,1996,4,10,October,26,7,Saturday,True
19961027,1996-10-27,1996,4,10,October,27,1,Sunday,True
19961028,1996-10-28,1996,4,10,October,28,2,Monday,False
19961029,1996-10-29,1996,4,10,October,29,3,Tuesday,False
19961030,1996-10-30,1996,4,10,October,30,4,Wednesday,False
19961031,1996-10-31,1996,4,10,October,31,5,Thursday,False
19961101,1996-11-01,1996,4,11,November,1,6,Friday,False
19961102,1996-11-02,1996,4,11,November,2,7,Saturday,True
19961103,1996-11-03,1996,4,11,November,3,1,Sunday,True
19961104,1996-11-04,1996,4,11,November,4,2,Monday,False
19961105,1996-11-05,1996,4,11,November,5,3,Tuesday,False
19961106,1996-11-06,1996,4,11,November,6,4,Wednesday,False
19961107,1996-11-07,1996,4,11,November,7,5,Thursday,False
19961108,1996-11-08,1996,4,11,November,8,6,Friday,False
19961109,1996-11-09,1996,4,11,November,9,7,Saturday,True
19961110,1996-11-10,1996,4,11,November,10,1,Sunday,True
19961111,1996-11-11,1996,4,11,November,11,2,Monday,False
19961112,1996-11-12,1996,4,11,November,12,3,Tuesday,False
19961113,1996-11-13,1996,4,11,November,13,4,Wednesday,False
19961114,1996-11-14,1996,4,11,November,14,5,Thursday,False
19961115,1996-11-15,1996,4,11,November,15,6,Friday,False
19961116,1996-11-16,1996,4,11,November,16,7,Saturday,True
19961117,1996-11-17,1996,4,11,November,17,1,Sunday,True
19961118,1996-11-18,1996,4,11,November,18,2,Monday,False
19961119,1996-11-19,1996,4,11,November,19,3,Tuesday,False
19961120,1996-11-20,1996,4,11,November,20,4,Wednesday,False
19961121,1996-11-21,1996,4,11,November,21,5,Thursday,False
19961122,1996-11-22,1996,4,11,November,22,6,Friday,False
19961123,1996-11-23,1996,4,11,November,23,7,Saturday,True
19961124,1996-11-24,1996,4,11,November,24,1,Sunday,True
19961125,1996-11-25,1996,4,11,November,25,2,Monday,False
19961126,1996-11-26,1996,4,11,November,26,3,Tuesday,False
19961127,1996-11-27,1996,4,11,November,27,4,Wednesday,False
19961128,1996-11-28,1996,4,11,November,28,5,Thursday,False
19961129,1996-11-29,1996,4,11,November,29,6,Friday,False
19961130,1996-11-30,1996,4,11,November,30,7,Saturday,True
19961201,1996-12-01,1996,4,12,December,1,1,Sunday,True
19961202,1996-12-02,1996,4,12,December,2,2,Monday,False
19961203,1996-12-03,1996,4,12,December,3,3,Tuesday,False
19961204,1996-12-04,1996,4,12,December,4,4,Wednesday,False
19961205,1996-12-05,1996,4,12,December,5,5,Thursday,False
19961206,1996-12-06,1996,4,12,December,6,6,Friday,False
19961207,1996-12-07,1996,4,12,December,7,7,Saturday,True
19961208,1996-12-08,1996,4,12,December,8,1,Sunday,True
19961209,1996-12-09,1996,4,12,December,9,2,Monday,False
19961210,1996-12-10,1996,4,12,December,10,3,Tuesday,False
19961211,1996-12-11,1996,4,12,December,11,4,Wednesday,False
19961212,1996-12-12,1996,4,12,December,12,5,Thursday,False
19961213,1996-12-13,1996,4,12,December,13,6,Friday,False
19961214,1996-12-14,1996,4,12,December,14,7,Saturday,True
19961215,1996-12-15,1996,4,12,December,15,1,Sunday,True
19961216,1996-12-16,1996,4,12,December,16,2,Monday,False
19961217,1996-12-17,1996,4,12,December,17,3,Tuesday,False
19961218,1996-12-18,1996,4,12,December,18,4,Wednesday,False
19961219,1996-12-19,1996,4,12,December,19,5,Thursday,False
19961220,1996-12-20,1996,4,12,December,20,6,Friday,False
19961221,1996-12-21,1996,4,12,December,21,7,Saturday,True
19961222,1996-12-22,1996,4,12,December,22,1,Sunday,True
19961223,1996-12-23,1996,4,12,December,23,2,Monday,False
19961224,1996-12-24,1996,4,12,December,24,3,Tuesday,False
19961225,1996-12-25,1996,4,12,December,25,4,Wednesday,False
19961226,1996-12-26,1996,4,12,December,26,5,Thursday,False
19961227,1996-12-27,1996,4,12,December,27,6,Friday,False
19961228,1996-12-28,1996,4,12,December,28,7,Saturday,True
19961229,1996-12-29,1996,4,12,December,29,1,Sunday,True
19961230,1996-12-30,1996,4,12,December,30,2,Monday,False
19961231,1996-12-31,1996,4,12,December,31,3,Tuesday,False
19970101,1997-01-01,1997,1,1,January,1,4,Wednesday,False
19970102,1997-01-02,1997,1,1,January,2,5,Thursday,False
19970103,1997-01-03,1997,1,1,January,3,6,Friday,False
19970104,1997-01-04,1997,1,1,January,4,7,Saturday,True
19970105,1997-01-05,1997,1,1,January,5,1,Sunday,True
19970106,1997-01-06,1997,1,1,January,6,2,Monday,False
19970107,1997-01-07,1997,1,1,January,7,3,Tuesday,False
19970108,1997-01-08,1997,1,1,January,8,4,Wednesday,False
19970109,1997-01-09,1997,1,1,January,9,5,Thursday,False
19970110,1997-01-10,1997,1,1,January,10,6,Friday,False
19970111,1997-01-11,1997,1,1,January,11,7,Saturday,True
19970112,1997-01-12,1997,1,1,January,12,1,Sunday,True
19970113,1997-01-13,1997,1,1,January,13,2,Monday,False
19970114,1997-01-14,1997,1,1,January,14,3,Tuesday,False
19970115,1997-01-15,1997,1,1,January,15,4,Wednesday,False
19970116,1997-01-16,1997,1,1,January,16,5,Thursday,False
19970117,1997-01-17,1997,1,1,January,17,6,Friday,False
19970118,1997-01-18,1997,1,1,January,18,7,Saturday,True
19970119,1997-01-19,1997,1,1,January,19,1,Sunday,True
19970120,1997-01-20,1997,1,1,January,20,2,Monday,False
19970121,1997-01-21,1997,1,1,January,21,3,Tuesday,False
19970122,1997-01-22,1997,1,1,January,22,4,Wednesday,False
19970123,1997-01-23,1997,1,1,January,23,5,Thursday,False
19970124,1997-01-24,1997,1,1,January,24,6,Friday,False
19970125,1997-01-25,1997,1,1,January,25,7,Saturday,True
19970126,1997-01-26,1997,1,1,January,26,1,Sunday,True
19970127,1997-01-27,1997,1,1,January,27,2,Monday,False
19970128,1997-01-28,1997,1,1,January,28,3,Tuesday,False
19970129,1997-01-29,1997,1,1,January,29,4,Wednesday,False
19970130,1997-01-30,1997,1,1,January,30,5,Thursday,False
19970131,1997-01-31,1997,1,1,January,31,6,Friday,False
19970201,1997-02-01,1997,1,2,February,1,7,Saturday,True
19970202,1997-02-02,1997,1,2,February,2,1,Sunday,True
19970203,1997-02-03,1997,1,2,February,3,2,Monday,False
19970204,1997-02-04,1997,1,2,February,4,3,Tuesday,False
19970205,1997-02-05,1997,1,2,February,5,4,Wednesday,False
19970206,1997-02-06,1997,1,2,February,6,5,Thursday,False
19970207,1997-02-07,1997,1,2,February,7,6,Friday,False
19970208,1997-02-08,1997,1,2,February,8,7,Saturday,True
19970209,1997-02-09,1997,1,2,February,9,1,Sunday,True
19970210,1997-02-10,1997,1,2,February,10,2,Monday,False
19970211,1997-02-11,1997,1,2,February,11,3,Tuesday,False
19970212,1997-02-12,1997,1,2,February,12,4,Wednesday,False
19970213,1997-02-13,1997,1,2,February,13,5,Thursday,False
19970214,1997-02-14,1997,1,2,February,14,6,Friday,False
19970215,1997-02-15,1997,1,2,February,15,7,Saturday,True
19970216,1997-02-16,1997,1,2,February,16,1,Sunday,True
19970217,1997-02-17,1997,1,2,February,17,2,Monday,False
19970218,1997-02-18,1997,1,2,February,18,3,Tuesday,False
19970219,1997-02-19,1997,1,2,February,19,4,Wednesday,False
19970220,1997-02-20,1997,1,2,February,20,5,Thursday,False
19970221,1997-02-21,1997,1,2,February,21,6,Friday,False
19970222,1997-02-22,1997,1,2,February,22,7,Saturday,True
19970223,1997-02-23,1997,1,2,February,23,1,Sunday,True
19970224,1997-02-24,1997,1,2,February,24,2,Monday,False
19970225,1997-02-25,1997,1,2,February,25,3,Tuesday,False
19970226,1997-02-26,1997,1,2,February,26,4,Wednesday,False
19970227,1997-02-27,1997,1,2,February,27,5,Thursday,False
19970228,1997-02-28,1997,1,2,February,28,6,Friday,False
19970301,1997-03-01,1997,1,3,March,1,7,Saturday,True
19970302,1997-03-02,1997,1,3,March,2,1,Sunday,True
19970303,1997-03-03,1997,1,3,March,3,2,Monday,False
19970304,1997-03-04,1997,1,3,March,4,3,Tuesday,False
19970305,1997-03-05,1997,1,3,March,5,4,Wednesday,False
19970306,1997-03-06,1997,1,3,March,6,5,Thursday,False
19970307,1997-03-07,1997,1,3,March,7,6,Friday,False
19970308,1997-03-08,1997,1,3,March,8,7,Saturday,True
19970309,1997-03-09,1997,1,3,March,9,1,Sunday,True
19970310,1997-03-10,1997,1,3,March,10,2,Monday,False
19970311,1997-03-11,1997,1,3,March,11,3,Tuesday,False
19970312,1997-03-12,1997,1,3,March,12,4,Wednesday,False
19970313,1997-03-13,1997,1,3,March,13,5,Thursday,False
19970314,1997-03-14,1997,1,3,March,14,6,Friday,False
19970315,1997-03-15,1997,1,3,March,15,7,Saturday,True
19970316,1997-03-16,1997,1,3,March,16,1,Sunday,True
19970317,1997-03-17,1997,1,3,March,17,2,Monday,False
19970318,1997-03-18,1997,1,3,March,18,3,Tuesday,False
19970319,1997-03-19,1997,1,3,March,19,4,Wednesday,False
19970320,1997-03-20,1997,1,3,March,20,5,Thursday,False
19970321,1997-03-21,1997,1,3,March,21,6,Friday,False
19970322,1997-03-22,1997,1,3,March,22,7,Saturday,True
19970323,1997-03-23,1997,1,3,March,23,1,Sunday,True
19970324,1997-03-24,1997,1,3,March,24,2,Monday,False
19970325,1997-03-25,1997,1,3,March,25,3,Tuesday,False
19970326,1997-03-26,1997,1,3,March,26,4,Wednesday,False
19970327,1997-03-27,1997,1,3,March,27,5,Thursday,False
19970328,1997-03-28,1997,1,3,March,28,6,Friday,False
19970329,1997-03-29,1997,1,3,March,29,7,Saturday,True
19970330,1997-03-30,1997,1,3,March,30,1,Sunday,True
19970331,1997-03-31,1997,1,3,March,31,2,Monday,False
19970401,1997-04-01,1997,2,4,April,1,3,Tuesday,False
19970402,1997-04-02,1997,2,4,April,2,4,Wednesday,False
19970403,1997-04-03,1997,2,4,April,3,5,Thursday,False
19970404,1997-04-04,1997,2,4,April,4,6,Friday,False
19970405,1997-04-05,1997,2,4,April,5,7,Saturday,True
19970406,1997-04-06,1997,2,4,April,6,1,Sunday,True
19970407,1997-04-07,1997,2,4,April,7,2,Monday,False
19970408,1997-04-08,1997,2,4,April,8,3,Tuesday,False
19970409,1997-04-09,1997,2,4,April,9,4,Wednesday,False
19970410,1997-04-10,1997,2,4,April,10,5,Thursday,False
19970411,1997-04-11,1997,2,4,April,11,6,Friday,False
19970412,1997-04-12,1997,2,4,April,12,7,Saturday,True
19970413,1997-04-13,1997,2,4,April,13,1,Sunday,True
19970414,1997-04-14,1997,2,4,April,14,2,Monday,False
19970415,1997-04-15,1997,2,4,April,15,3,Tuesday,False
19970416,1997-04-16,1997,2,4,April,16,4,Wednesday,False
19970417,1997-04-17,1997,2,4,April,17,5,Thursday,False
19970418,1997-04-18,1997,2,4,April,18,6,Friday,False
19970419,1997-04-19,1997,2,4,April,19,7,Saturday,True
19970420,1997-04-20,1997,2,4,April,20,1,Sunday,True
19970421,1997-04-21,1997,2,4,April,21,2,Monday,False
19970422,1997-04-22,1997,2,4,April,22,3,Tuesday,False
19970423,1997-04-23,1997,2,4,April,23,4,Wednesday,False
19970424,1997-04-24,1997,2,4,April,24,5,Thursday,False
19970425,1997-04-25,1997,2,4,April,25,6,Friday,False
19970426,1997-04-26,1997,2,4,April,26,7,Saturday,True
19970427,1997-04-27,1997,2,4,April,27,1,Sunday,True
19970428,1997-04-28,1997,2,4,April,28,2,Monday,False
19970429,1997-04-29,1997,2,4,April,29,3,Tuesday,False
19970430,1997-04-30,1997,2,4,April,30,4,Wednesday,False
19970501,1997-05-01,1997,2,5,May,1,5,Thursday,False
19970502,1997-05-02,1997,2,5,May,2,6,Friday,False
19970503,1997-05-03,1997,2,5,May,3,7,Saturday,True
19970504,1997-05-04,1997,2,5,May,4,1,Sunday,True
19970505,1997-05-05,1997,2,5,May,5,2,Monday,False
19970506,1997-05-06,1997,2,5,May,6,3,Tuesday,False
19970507,1997-05-07,1997,2,5,May,7,4,Wednesday,False
19970508,1997-05-08,1997,2,5,May,8,5,Thursday,False
19970509,1997-05-09,1997,2,5,May,9,6,Friday,False
19970510,1997-05-10,1997,2,5,May,10,7,Saturday,True
19970511,1997-05-11,1997,2,5,May,11,1,Sunday,True
19970512,1997-05-12,1997,2,5,May,12,2,Monday,False
19970513,1997-05-13,1997,2,5,May,13,3,Tuesday,False
19970514,1997-05-14,1997,2,5,May,14,4,Wednesday,False
19970515,1997-05-15,1997,2,5,May,15,5,Thursday,False
19970516,1997-05-16,1997,2,5,May,16,6,Friday,False
19970517,1997-05-17,1997,2,5,May,17,7,Saturday,True
19970518,1997-05-18,1997,2,5,May,18,1,Sunday,True
19970519,1997-05-19,1997,2,5,May,19,2,Monday,False
19970520,1997-05-20,1997,2,5,May,20,3,Tuesday,False
19970521,1997-05-21,1997,2,5,May,21,4,Wednesday,False
19970522,1997-05-22,1997,2,5,May,22,5,Thursday,False
19970523,1997-05-23,1997,2,5,May,23,6,Friday,False
19970524,1997-05-24,1997,2,5,May,24,7,Saturday,True
19970525,1997-05-25,1997,2,5,May,25,1,Sunday,True
19970526,1997-05-26,1997,2,5,May,26,2,Monday,False
19970527,1997-05-27,1997,2,5,May,27,3,Tuesday,False
19970528,1997-05-28,1997,2,5,May,28,4,Wednesday,False
19970529,1997-05-29,1997,2,5,May,29,5,Thursday,False
19970530,1997-05-30,1997,2,5,May,30,6,Friday,False
19970531,1997-05-31,1997,2,5,May,31,7,Saturday,True
19970601,1997-06-01,1997,2,6,June,1,1,Sunday,True
19970602,1997-06-02,1997,2,6,June,2,2,Monday,False
19970603,1997-06-03,1997,2,6,June,3,3,Tuesday,False
19970604,1997-06-04,1997,2,6,June,4,4,Wednesday,False
19970605,1997-06-05,1997,2,6,June,5,5,Thursday,False
19970606,1997-06-06,1997,2,6,June,6,6,Friday,False
19970607,1997-06-07,1997,2,6,June,7,7,Saturday,True
19970608,1997-06-08,1997,2,6,June,8,1,Sunday,True
19970609,1997-06-09,1997,2,6,June,9,2,Monday,False
19970610,1997-06-10,1997,2,6,June,10,3,Tuesday,False
19970611,1997-06-11,1997,2,6,June,11,4,Wednesday,False
19970612,1997-06-12,1997,2,6,June,12,5,Thursday,False
19970613,1997-06-13,1997,2,6,June,13,6,Friday,False
19970614,1997-06-14,1997,2,6,June,14,7,Saturday,True
19970615,1997-06-15,1997,2,6,June,15,1,Sunday,True
19970616,1997-06-16,1997,2,6,June,16,2,Monday,False
19970617,1997-06-17,1997,2,6,June,17,3,Tuesday,False
19970618,1997-06-18,1997,2,6,June,18,4,Wednesday,False
19970619,1997-06-19,1997,2,6,June,19,5,Thursday,False
19970620,1997-06-20,1997,2,6,June,20,6,Friday,False
19970621,1997-06-21,1997,2,6,June,21,7,Saturday,True
19970622,1997-06-22,1997,2,6,June,22,1,Sunday,True
19970623,1997-06-23,1997,2,6,June,23,2,Monday,False
19970624,1997-06-24,1997,2,6,June,24,3,Tuesday,False
19970625,1997-06-25,1997,2,6,June,25,4,Wednesday,False
19970626,1997-06-26,1997,2,6,June,26,5,Thursday,False
19970627,1997-06-27,1997,2,6,June,27,6,Friday,False
19970628,1997-06-28,1997,2,6,June,28,7,Saturday,True
19970629,1997-06-29,1997,2,6,June,29,1,Sunday,True
19970630,1997-06-30,1997,2,6,June,30,2,Monday,False
19970701,1997-07-01,1997,3,7,July,1,3,Tuesday,False
19970702,1997-07-02,1997,3,7,July,2,4,Wednesday,False
19970703,1997-07-03,1997,3,7,July,3,5,Thursday,False
19970704,1997-07-04,1997,3,7,July,4,6,Friday,False
19970705,1997-07-05,1997,3,7,July,5,7,Saturday,True
19970706,1997-07-06,1997,3,7,July,6,1,Sunday,True
19970707,1997-07-07,1997,3,7,July,7,2,Monday,False
19970708,1997-07-08,1997,3,7,July,8,3,Tuesday,False
19970709,1997-07-09,1997,3,7,July,9,4,Wednesday,False
19970710,1997-07-10,1997,3,7,July,10,5,Thursday,False
19970711,1997-07-11,1997,3,7,July,11,6,Friday,False
19970712,1997-07-12,1997,3,7,July,12,7,Saturday,True
19970713,1997-07-13,1997,3,7,July,13,1,Sunday,True
19970714,1997-07-14,1997,3,7,July,14,2,Monday,False
19970715,1997-07-15,1997,3,7,July,15,3,Tuesday,False
19970716,1997-07-16,1997,3,7,July,16,4,Wednesday,False
19970717,1997-07-17,1997,3,7,July,17,5,Thursday,False
19970718,1997-07-18,1997,3,7,July,18,6,Friday,False
19970719,1997-07-19,1997,3,7,July,19,7,Saturday,True
19970720,1997-07-20,1997,3,7,July,20,1,Sunday,True
19970721,1997-07-21,1997,3,7,July,21,2,Monday,False
19970722,1997-07-22,1997,3,7,July,22,3,Tuesday,False
19970723,1997-07-23,1997,3,7,July,23,4,Wednesday,False
19970724,1997-07-24,1997,3,7,July,24,5,Thursday,False
19970725,1997-07-25,1997,3,7,July,25,6,Friday,False
19970726,1997-07-26,1997,3,7,July,26,7,Saturday,True
19970727,1997-07-27,1997,3,7,July,27,1,Sunday,True
19970728,1997-07-28,1997,3,7,July,28,2,Monday,False
19970729,1997-07-29,1997,3,7,July,29,3,Tuesday,False
19970730,1997-07-30,1997,3,7,July,30,4,Wednesday,False
19970731,1997-07-31,1997,3,7,July,31,5,Thursday,False
19970801,1997-08-01,1997,3,8,August,1,6,Friday,False
19970802,1997-08-02,1997,3,8,August,2,7,Saturday,True
19970803,1997-08-03,1997,3,8,August,3,1,Sunday,True
19970804,1997-08-04,1997,3,8,August,4,2,Monday,False
19970805,1997-08-05,1997,3,8,August,5,3,Tuesday,False
19970806,1997-08-06,1997,3,8,August,6,4,Wednesday,False
19970807,1997-08-07,1997,3,8,August,7,5,Thursday,False
19970808,1997-08-08,1997,3,8,August,8,6,Friday,False
19970809,1997-08-09,1997,3,8,August,9,7,Saturday,True
19970810,1997-08-10,1997,3,8,August,10,1,Sunday,True
19970811,1997-08-11,1997,3,8,August,11,2,Monday,False
19970812,1997-08-12,1997,3,8,August,12,3,Tuesday,False
19970813,1997-08-13,1997,3,8,August,13,4,Wednesday,False
19970814,1997-08-14,1997,3,8,August,14,5,Thursday,False
19970815,1997-08-15,1997,3,8,August,15,6,Friday,False
19970816,1997-08-16,1997,3,8,August,16,7,Saturday,True
19970817,1997-08-17,1997,3,8,August,17,1,Sunday,True
19970818,1997-08-18,1997,3,8,August,18,2,Monday,False
19970819,1997-08-19,1997,3,8,August,19,3,Tuesday,False
19970820,1997-08-20,1997,3,8,August,20,4,Wednesday,False
19970821,1997-08-21,1997,3,8,August,21,5,Thursday,False
19970822,1997-08-22,1997,3,8,August,22,6,Friday,False
19970823,1997-08-23,1997,3,8,August,23,7,Saturday,True
19970824,1997-08-24,1997,3,8,August,24,1,Sunday,True
19970825,1997-08-25,1997,3,8,August,25,2,Monday,False
19970826,1997-08-26,1997,3,8,August,26,3,Tuesday,False
19970827,1997-08-27,1997,3,8,August,27,4,Wednesday,False
19970828,1997-08-28,1997,3,8,August,28,5,Thursday,False
19970829,1997-08-29,1997,3,8,August,29,6,Friday,False
19970830,1997-08-30,1997,3,8,August,30,7,Saturday,True
19970831,1997-08-31,1997,3,8,August,31,1,Sunday,True
19970901,1997-09-01,1997,3,9,September,1,2,Monday,False
19970902,1997-09-02,1997,3,9,September,2,3,Tuesday,False
19970903,1997-09-03,1997,3,9,September,3,4,Wednesday,False
19970904,1997-09-04,1997,3,9,September,4,5,Thursday,False
19970905,1997-09-05,1997,3,9,September,5,6,Friday,False
19970906,1997-09-06,1997,3,9,September,6,7,Saturday,True
19970907,1997-09-07,1997,3,9,September,7,1,Sunday,True
19970908,1997-09-08,1997,3,9,September,8,2,Monday,False
19970909,1997-09-09,1997,3,9,September,9,3,Tuesday,False
19970910,1997-09-10,1997,3,9,September,10,4,Wednesday,False
19970911,1997-09-11,1997,3,9,September,11,5,Thursday,False
19970912,1997-09-12,1997,3,9,September,12,6,Friday,False
19970913,1997-09-13,1997,3,9,September,13,7,Saturday,True
19970914,1997-09-14,1997,3,9,September,14,1,Sunday,True
19970915,1997-09-15,1997,3,9,September,15,2,Monday,False
19970916,1997-09-16,1997,3,9,September,16,3,Tuesday,False
19970917,1997-09-17,1997,3,9,September,17,4,Wednesday,False
19970918,1997-09-18,1997,3,9,September,18,5,Thursday,False
19970919,1997-09-19,1997,3,9,September,19,6,Friday,False
19970920,1997-09-20,1997,3,9,September,20,7,Saturday,True
19970921,1997-09-21,1997,3,9,September,21,1,Sunday,True
19970922,1997-09-22,1997,3,9,September,22,2,Monday,False
19970923,1997-09-23,1997,3,9,September,23,3,Tuesday,False
19970924,1997-09-24,1997,3,9,September,24,4,Wednesday,False
19970925,1997-09-25,1997,3,9,September,25,5,Thursday,False
19970926,1997-09-26,1997,3,9,September,26,6,Friday,False
19970927,1997-09-27,1997,3,9,September,27,7,Saturday,True
19970928,1997-09-28,1997,3,9,September,28,1,Sunday,True
19970929,1997-09-29,1997,3,9,September,29,2,Monday,False
19970930,1997-09-30,1997,3,9,September,30,3,Tuesday,False
19971001,1997-10-01,1997,4,10,October,1,4,Wednesday,False
19971002,1997-10-02,1997,4,10,October,2,5,Thursday,False
19971003,1997-10-03,1997,4,10,October,3,6,Friday,False
19971004,1997-10-04,1997,4,10,October,4,7,Saturday,True
19971005,1997-10-05,1997,4,10,October,5,1,Sunday,True
19971006,1997-10-06,1997,4,10,October,6,2,Monday,False
19971007,1997-10-07,1997,4,10,October,7,3,Tuesday,False
19971008,1997-10-08,1997,4,10,October,8,4,Wednesday,False
19971009,1997-10-09,1997,4,10,October,9,5,Thursday,False
19971010,1997-10-10,1997,4,10,October,10,6,Friday,False
19971011,1997-10-11,1997,4,10,October,11,7,Saturday,True
19971012,1997-10-12,1997,4,10,October,12,1,Sunday,True
19971013,1997-10-13,1997,4,10,October,13,2,Monday,False
19971014,1997-10-14,1997,4,10,October,14,3,Tuesday,False
19971015,1997-10-15,1997,4,10,October,15,4,Wednesday,False
19971016,1997-10-16,1997,4,10,October,16,5,Thursday,False
19971017,1997-10-17,1997,4,10,October,17,6,Friday,False
19971018,1997-10-18,1997,4,10,October,18,7,Saturday,True
19971019,1997-10-19,1997,4,10,October,19,1,Sunday,True
19971020,1997-10-20,1997,4,10,October,20,2,Monday,False
19971021,1997-10-21,1997,4,10,October,21,3,Tuesday,False
19971022,1997-10-22,1997,4,10,October,22,4,Wednesday,False
19971023,1997-10-23,1997,4,10,October,23,5,Thursday,False
19971024,1997-10-24,1997,4,10,October,24,6,Friday,False
19971025,1997-10-25,1997,4,10,October,25,7,Saturday,True
19971026,1997-10-26,1997,4,10,October,26,1,Sunday,True
19971027,1997-10-27,1997,4,10,October,27,2,Monday,False
19971028,1997-10-28,1997,4,10,October,28,3,Tuesday,False
19971029,1997-10-29,1997,4,10,October,29,4,Wednesday,False
19971030,1997-10-30,1997,4,10,October,30,5,Thursday,False
19971031,1997-10-31,1997,4,10,October,31,6,Friday,False
19971101,1997-11-01,1997,4,11,November,1,7,Saturday,True
19971102,1997-11-02,1997,4,11,November,2,1,Sunday,True
19971103,1997-11-03,1997,4,11,November,3,2,Monday,False
19971104,1997-11-04,1997,4,11,November,4,3,Tuesday,False
19971105,1997-11-05,1997,4,11,November,5,4,Wednesday,False
19971106,1997-11-06,1997,4,11,November,6,5,Thursday,False
19971107,1997-11-07,1997,4,11,November,7,6,Friday,False
19971108,1997-11-08,1997,4,11,November,8,7,Saturday,True
19971109,1997-11-09,1997,4,11,November,9,1,Sunday,True
19971110,1997-11-10,1997,4,11,November,10,2,Monday,False
19971111,1997-11-11,1997,4,11,November,11,3,Tuesday,False
19971112,1997-11-12,1997,4,11,November,12,4,Wednesday,False
19971113,1997-11-13,1997,4,11,November,13,5,Thursday,False
19971114,1997-11-14,1997,4,11,November,14,6,Friday,False
19971115,1997-11-15,1997,4,11,November,15,7,Saturday,True
19971116,1997-11-16,1997,4,11,November,16,1,Sunday,True
19971117,1997-11-17,1997,4,11,November,17,2,Monday,False
19971118,1997-11-18,1997,4,11,November,18,3,Tuesday,False
19971119,1997-11-19,1997,4,11,November,19,4,Wednesday,False
19971120,1997-11-20,1997,4,11,November,20,5,Thursday,False
19971121,1997-11-21,1997,4,11,November,21,6,Friday,False
19971122,1997-11-22,1997,4,11,November,22,7,Saturday,True
19971123,1997-11-23,1997,4,11,November,23,1,Sunday,True
19971124,1997-11-24,1997,4,11,November,24,2,Monday,False
19971125,1997-11-25,1997,4,11,November,25,3,Tuesday,False
19971126,1997-11-26,1997,4,11,November,26,4,Wednesday,False
19971127,1997-11-27,1997,4,11,November,27,5,Thursday,False
19971128,1997-11-28,1997,4,11,November,28,6,Friday,False
19971129,1997-11-29,1997,4,11,November,29,7,Saturday,True
19971130,1997-11-30,1997,4,11,November,30,1,Sunday,True
19971201,1997-12-01,1997,4,12,December,1,2,Monday,False
19971202,1997-12-02,1997,4,12,December,2,3,Tuesday,False
19971203,1997-12-03,1997,4,12,December,3,4,Wednesday,False
19971204,1997-12-04,1997,4,12,December,4,5,Thursday,False
19971205,1997-12-05,1997,4,12,December,5,6,Friday,False
19971206,1997-12-06,1997,4,12,December,6,7,Saturday,True
19971207,1997-12-07,1997,4,12,December,7,1,Sunday,True
19971208,1997-12-08,1997,4,12,December,8,2,Monday,False
19971209,1997-12-09,1997,4,12,December,9,3,Tuesday,False
19971210,1997-12-10,1997,4,12,December,10,4,Wednesday,False
19971211,1997-12-11,1997,4,12,December,11,5,Thursday,False
19971212,1997-12-12,1997,4,12,December,12,6,Friday,False
19971213,1997-12-13,1997,4,12,December,13,7,Saturday,True
19971214,1997-12-14,1997,4,12,December,14,1,Sunday,True
19971215,1997-12-15,1997,4,12,December,15,2,Monday,False
19971216,1997-12-16,1997,4,12,December,16,3,Tuesday,False
19971217,1997-12-17,1997,4,12,December,17,4,Wednesday,False
19971218,1997-12-18,1997,4,12,December,18,5,Thursday,False
19971219,1997-12-19,1997,4,12,December,19,6,Friday,False
19971220,1997-12-20,1997,4,12,December,20,7,Saturday,True
19971221,1997-12-21,1997,4,12,December,21,1,Sunday,True
19971222,1997-12-22,1997,4,12,December,22,2,Monday,False
19971223,1997-12-23,1997,4,12,December,23,3,Tuesday,False
19971224,1997-12-24,1997,4,12,December,24,4,Wednesday,False
19971225,1997-12-25,1997,4,12,December,25,5,Thursday,False
19971226,1997-12-26,1997,4,12,December,26,6,Friday,False
19971227,1997-12-27,1997,4,12,December,27,7,Saturday,True
19971228,1997-12-28,1997,4,12,December,28,1,Sunday,True
19971229,1997-12-29,1997,4,12,December,29,2,Monday,False
19971230,1997-12-30,1997,4,12,December,30,3,Tuesday,False
19971231,1997-12-31,1997,4,12,December,31,4,Wednesday,False
19980101,1998-01-01,1998,1,1,January,1,5,Thursday,False
19980102,1998-01-02,1998,1,1,January,2,6,Friday,False
19980103,1998-01-03,1998,1,1,January,3,7,Saturday,True
19980104,1998-01-04,1998,1,1,January,4,1,Sunday,True
19980105,1998-01-05,1998,1,1,January,5,2,Monday,False
19980106,1998-01-06,1998,1,1,January,6,3,Tuesday,False
19980107,1998-01-07,1998,1,1,January,7,4,Wednesday,False
19980108,1998-01-08,1998,1,1,January,8,5,Thursday,False
19980109,1998-01-09,1998,1,1,January,9,6,Friday,False
19980110,1998-01-10,1998,1,1,January,10,7,Saturday,True
19980111,1998-01-11,1998,1,1,January,11,1,Sunday,True
19980112,1998-01-12,1998,1,1,January,12,2,Monday,False
19980113,1998-01-13,1998,1,1,January,13,3,Tuesday,False
19980114,1998-01-14,1998,1,1,January,14,4,Wednesday,False
19980115,1998-01-15,1998,1,1,January,15,5,Thursday,False
19980116,1998-01-16,1998,1,1,January,16,6,Friday,False
19980117,1998-01-17,1998,1,1,January,17,7,Saturday,True
19980118,1998-01-18,1998,1,1,January,18,1,Sunday,True
19980119,1998-01-19,1998,1,1,January,19,2,Monday,False
19980120,1998-01-20,1998,1,1,January,20,3,Tuesday,False
19980121,1998-01-21,1998,1,1,January,21,4,Wednesday,False
19980122,1998-01-22,1998,1,1,January,22,5,Thursday,False
19980123,1998-01-23,1998,1,1,January,23,6,Friday,False
19980124,1998-01-24,1998,1,1,January,24,7,Saturday,True
19980125,1998-01-25,1998,1,1,January,25,1,Sunday,True
19980126,1998-01-26,1998,1,1,January,26,2,Monday,False
19980127,1998-01-27,1998,1,1,January,27,3,Tuesday,False
19980128,1998-01-28,1998,1,1,January,28,4,Wednesday,False
19980129,1998-01-29,1998,1,1,January,29,5,Thursday,False
19980130,1998-01-30,1998,1,1,January,30,6,Friday,False
19980131,1998-01-31,1998,1,1,January,31,7,Saturday,True
19980201,1998-02-01,1998,1,2,February,1,1,Sunday,True
19980202,1998-02-02,1998,1,2,February,2,2,Monday,False
19980203,1998-02-03,1998,1,2,February,3,3,Tuesday,False
19980204,1998-02-04,1998,1,2,February,4,4,Wednesday,False
19980205,1998-02-05,1998,1,2,February,5,5,Thursday,False
19980206,1998-02-06,1998,1,2,February,6,6,Friday,False
19980207,1998-02-07,1998,1,2,February,7,7,Saturday,True
19980208,1998-02-08,1998,1,2,February,8,1,Sunday,True
19980209,1998-02-09,1998,1,2,February,9,2,Monday,False
19980210,1998-02-10,1998,1,2,February,10,3,Tuesday,False
19980211,1998-02-11,1998,1,2,February,11,4,Wednesday,False
19980212,1998-02-12,1998,1,2,February,12,5,Thursday,False
19980213,1998-02-13,1998,1,2,February,13,6,Friday,False
19980214,1998-02-14,1998,1,2,February,14,7,Saturday,True
19980215,1998-02-15,1998,1,2,February,15,1,Sunday,True
19980216,1998-02-16,1998,1,2,February,16,2,Monday,False
19980217,1998-02-17,1998,1,2,February,17,3,Tuesday,False
19980218,1998-02-18,1998,1,2,February,18,4,Wednesday,False
19980219,1998-02-19,1998,1,2,February,19,5,Thursday,False
19980220,1998-02-20,1998,1,2,February,20,6,Friday,False
19980221,1998-02-21,1998,1,2,February,21,7,Saturday,True
19980222,1998-02-22,1998,1,2,February,22,1,Sunday,True
19980223,1998-02-23,1998,1,2,February,23,2,Monday,False
19980224,1998-02-24,1998,1,2,February,24,3,Tuesday,False
19980225,1998-02-25,1998,1,2,February,25,4,Wednesday,False
19980226,1998-02-26,1998,1,2,February,26,5,Thursday,False
19980227,1998-02-27,1998,1,2,February,27,6,Friday,False
19980228,1998-02-28,1998,1,2,February,28,7,Saturday,True
19980301,1998-03-01,1998,1,3,March,1,1,Sunday,True
19980302,1998-03-02,1998,1,3,March,2,2,Monday,False
19980303,1998-03-03,1998,1,3,March,3,3,Tuesday,False
19980304,1998-03-04,1998,1,3,March,4,4,Wednesday,False
19980305,1998-03-05,1998,1,3,March,5,5,Thursday,False
19980306,1998-03-06,1998,1,3,March,6,6,Friday,False
19980307,1998-03-07,1998,1,3,March,7,7,Saturday,True
19980308,1998-03-08,1998,1,3,March,8,1,Sunday,True
19980309,1998-03-09,1998,1,3,March,9,2,Monday,False
19980310,1998-03-10,1998,1,3,March,10,3,Tuesday,False
19980311,1998-03-11,1998,1,3,March,11,4,Wednesday,False
19980312,1998-03-12,1998,1,3,March,12,5,Thursday,False
19980313,1998-03-13,1998,1,3,March,13,6,Friday,False
19980314,1998-03-14,1998,1,3,March,14,7,Saturday,True
19980315,1998-03-15,1998,1,3,March,15,1,Sunday,True
19980316,1998-03-16,1998,1,3,March,16,2,Monday,False
19980317,1998-03-17,1998,1,3,March,17,3,Tuesday,False
19980318,1998-03-18,1998,1,3,March,18,4,Wednesday,False
19980319,1998-03-19,1998,1,3,March,19,5,Thursday,False
19980320,1998-03-20,1998,1,3,March,20,6,Friday,False
19980321,1998-03-21,1998,1,3,March,21,7,Saturday,True
19980322,1998-03-22,1998,1,3,March,22,1,Sunday,True
19980323,1998-03-23,1998,1,3,March,23,2,Monday,False
19980324,1998-03-24,1998,1,3,March,24,3,Tuesday,False
19980325,1998-03-25,1998,1,3,March,25,4,Wednesday,False
19980326,1998-03-26,1998,1,3,March,26,5,Thursday,False
19980327,1998-03-27,1998,1,3,March,27,6,Friday,False
19980328,1998-03-28,1998,1,3,March,28,7,Saturday,True
19980329,1998-03-29,1998,1,3,March,29,1,Sunday,True
19980330,1998-03-30,1998,1,3,March,30,2,Monday,False
19980331,1998-03-31,1998,1,3,March,31,3,Tuesday,False
19980401,1998-04-01,1998,2,4,April,1,4,Wednesday,False
19980402,1998-04-02,1998,2,4,April,2,5,Thursday,False
19980403,1998-04-03,1998,2,4,April,3,6,Friday,False
19980404,1998-04-04,1998,2,4,April,4,7,Saturday,True
19980405,1998-04-05,1998,2,4,April,5,1,Sunday,True
19980406,1998-04-06,1998,2,4,April,6,2,Monday,False
19980407,1998-04-07,1998,2,4,April,7,3,Tuesday,False
19980408,1998-04-08,1998,2,4,April,8,4,Wednesday,False
19980409,1998-04-09,1998,2,4,April,9,5,Thursday,False
19980410,1998-04-10,1998,2,4,April,10,6,Friday,False
19980411,1998-04-11,1998,2,4,April,11,7,Saturday,True
19980412,1998-04-12,1998,2,4,April,12,1,Sunday,True
19980413,1998-04-13,1998,2,4,April,13,2,Monday,False
19980414,1998-04-14,1998,2,4,April,14,3,Tuesday,False
19980415,1998-04-15,1998,2,4,April,15,4,Wednesday,False
19980416,1998-04-16,1998,2,4,April,16,5,Thursday,False
19980417,1998-04-17,1998,2,4,April,17,6,Friday,False
19980418,1998-04-18,1998,2,4,April,18,7,Saturday,True
19980419,1998-04-19,1998,2,4,April,19,1,Sunday,True
19980420,1998-04-20,1998,2,4,April,20,2,Monday,False
19980421,1998-04-21,1998,2,4,April,21,3,Tuesday,False
19980422,1998-04-22,1998,2,4,April,22,4,Wednesday,False
19980423,1998-04-23,1998,2,4,April,23,5,Thursday,False
19980424,1998-04-24,1998,2,4,April,24,6,Friday,False
19980425,1998-04-25,1998,2,4,April,25,7,Saturday,True
19980426,1998-04-26,1998,2,4,April,26,1,Sunday,True
19980427,1998-04-27,1998,2,4,April,27,2,Monday,False
19980428,1998-04-28,1998,2,4,April,28,3,Tuesday,False
19980429,1998-04-29,1998,2,4,April,29,4,Wednesday,False
19980430,1998-04-30,1998,2,4,April,30,5,Thursday,False
19980501,1998-05-01,1998,2,5,May,1,6,Friday,False
19980502,1998-05-02,1998,2,5,May,2,7,Saturday,True
19980503,1998-05-03,1998,2,5,May,3,1,Sunday,True
19980504,1998-05-04,1998,2,5,May,4,2,Monday,False
19980505,1998-05-05,1998,2,5,May,5,3,Tuesday,False
19980506,1998-05-06,1998,2,5,May,6,4,Wednesday,False
19980507,1998-05-07,1998,2,5,May,7,5,Thursday,False
19980508,1998-05-08,1998,2,5,May,8,6,Friday,False
19980509,1998-05-09,1998,2,5,May,9,7,Saturday,True
19980510,1998-05-10,1998,2,5,May,10,1,Sunday,True
19980511,1998-05-11,1998,2,5,May,11,2,Monday,False
19980512,1998-05-12,1998,2,5,May,12,3,Tuesday,False
19980513,1998-05-13,1998,2,5,May,13,4,Wednesday,False
19980514,1998-05-14,1998,2,5,May,14,5,Thursday,False
19980515,1998-05-15,1998,2,5,May,15,6,Friday,False
19980516,1998-05-16,1998,2,5,May,16,7,Saturday,True
19980517,1998-05-17,1998,2,5,May,17,1,Sunday,True
19980518,1998-05-18,1998,2,5,May,18,2,Monday,False
19980519,1998-05-19,1998,2,5,May,19,3,Tuesday,False
19980520,1998-05-20,1998,2,5,May,20,4,Wednesday,False
19980521,1998-05-21,1998,2,5,May,21,5,Thursday,False
19980522,1998-05-22,1998,2,5,May,22,6,Friday,False
19980523,1998-05-23,1998,2,5,May,23,7,Saturday,True
19980524,1998-05-24,1998,2,5,May,24,1,Sunday,True
19980525,1998-05-25,1998,2,5,May,25,2,Monday,False
19980526,1998-05-26,1998,2,5,May,26,3,Tuesday,False
19980527,1998-05-27,1998,2,5,May,27,4,Wednesday,False
19980528,1998-05-28,1998,2,5,May,28,5,Thursday,False
19980529,1998-05-29,1998,2,5,May,29,6,Friday,False
19980530,1998-05-30,1998,2,5,May,30,7,Saturday,True
19980531,1998-05-31,1998,2,5,May,31,1,Sunday,True
19980601,1998-06-01,1998,2,6,June,1,2,Monday,False
19980602,1998-06-02,1998,2,6,June,2,3,Tuesday,False
19980603,1998-06-03,1998,2,6,June,3,4,Wednesday,False
19980604,1998-06-04,1998,2,6,June,4,5,Thursday,False
19980605,1998-06-05,1998,2,6,June,5,6,Friday,False
19980606,1998-06-06,1998,2,6,June,6,7,Saturday,True
19980607,1998-06-07,1998,2,6,June,7,1,Sunday,True
19980608,1998-06-08,1998,2,6,June,8,2,Monday,False
19980609,1998-06-09,1998,2,6,June,9,3,Tuesday,False
19980610,1998-06-10,1998,2,6,June,10,4,Wednesday,False
19980611,1998-06-11,1998,2,6,June,11,5,Thursday,False
19980612,1998-06-12,1998,2,6,June,12,6,Friday,False
19980613,1998-06-13,1998,2,6,June,13,7,Saturday,True
19980614,1998-06-14,1998,2,6,June,14,1,Sunday,True
19980615,1998-06-15,1998,2,6,June,15,2,Monday,False
19980616,1998-06-16,1998,2,6,June,16,3,Tuesday,False
19980617,1998-06-17,1998,2,6,June,17,4,Wednesday,False
19980618,1998-06-18,1998,2,6,June,18,5,Thursday,False
19980619,1998-06-19,1998,2,6,June,19,6,Friday,False
19980620,1998-06-20,1998,2,6,June,20,7,Saturday,True
19980621,1998-06-21,1998,2,6,June,21,1,Sunday,True
19980622,1998-06-22,1998,2,6,June,22,2,Monday,False
19980623,1998-06-23,1998,2,6,June,23,3,Tuesday,False
19980624,1998-06-24,1998,2,6,June,24,4,Wednesday,False
19980625,1998-06-25,1998,2,6,June,25,5,Thursday,False
19980626,1998-06-26,1998,2,6,June,26,6,Friday,False
19980627,1998-06-27,1998,2,6,June,27,7,Saturday,True
19980628,1998-06-28,1998,2,6,June,28,1,Sunday,True
19980629,1998-06-29,1998,2,6,June,29,2,Monday,False
19980630,1998-06-30,1998,2,6,June,30,3,Tuesday,False
19980701,1998-07-01,1998,3,7,July,1,4,Wednesday,False
19980702,1998-07-02,1998,3,7,July,2,5,Thursday,False
19980703,1998-07-03,1998,3,7,July,3,6,Friday,False
19980704,1998-07-04,1998,3,7,July,4,7,Saturday,True
19980705,1998-07-05,1998,3,7,July,5,1,Sunday,True
19980706,1998-07-06,1998,3,7,July,6,2,Monday,False
19980707,1998-07-07,1998,3,7,July,7,3,Tuesday,False
19980708,1998-07-08,1998,3,7,July,8,4,Wednesday,False
19980709,1998-07-09,1998,3,7,July,9,5,Thursday,False
19980710,1998-07-10,1998,3,7,July,10,6,Friday,False
19980711,1998-07-11,1998,3,7,July,11,7,Saturday,True
19980712,1998-07-12,1998,3,7,July,12,1,Sunday,True
19980713,1998-07-13,1998,3,7,July,13,2,Monday,False
19980714,1998-07-14,1998,3,7,July,14,3,Tuesday,False
19980715,1998-07-15,1998,3,7,July,15,4,Wednesday,False
19980716,1998-07-16,1998,3,7,July,16,5,Thursday,False
19980717,1998-07-17,1998,3,7,July,17,6,Friday,False
19980718,1998-07-18,1998,3,7,July,18,7,Saturday,True
19980719,1998-07-19,1998,3,7,July,19,1,Sunday,True
19980720,1998-07-20,1998,3,7,July,20,2,Monday,False
19980721,1998-07-21,1998,3,7,July,21,3,Tuesday,False
19980722,1998-07-22,1998,3,7,July,22,4,Wednesday,False
19980723,1998-07-23,1998,3,7,July,23,5,Thursday,False
19980724,1998-07-24,1998,3,7,July,24,6,Friday,False
19980725,1998-07-25,1998,3,7,July,25,7,Saturday,True
19980726,1998-07-26,1998,3,7,July,26,1,Sunday,True
19980727,1998-07-27,1998,3,7,July,27,2,Monday,False
19980728,1998-07-28,1998,3,7,July,28,3,Tuesday,False
19980729,1998-07-29,1998,3,7,July,29,4,Wednesday,False
19980730,1998-07-30,1998,3,7,July,30,5,Thursday,False
19980731,1998-07-31,1998,3,7,July,31,6,Friday,False
19980801,1998-08-01,1998,3,8,August,1,7,Saturday,True
19980802,1998-08-02,1998,3,8,August,2,1,Sunday,True
19980803,1998-08-03,1998,3,8,August,3,2,Monday,False
19980804,1998-08-04,1998,3,8,August,4,3,Tuesday,False
19980805,1998-08-05,1998,3,8,August,5,4,Wednesday,False
19980806,1998-08-06,1998,3,8,August,6,5,Thursday,False
19980807,1998-08-07,1998,3,8,August,7,6,Friday,False
19980808,1998-08-08,1998,3,8,August,8,7,Saturday,True
19980809,1998-08-09,1998,3,8,August,9,1,Sunday,True
19980810,1998-08-10,1998,3,8,August,10,2,Monday,False
19980811,1998-08-11,1998,3,8,August,11,3,Tuesday,False
19980812,1998-08-12,1998,3,8,August,12,4,Wednesday,False
19980813,1998-08-13,1998,3,8,August,13,5,Thursday,False
19980814,1998-08-14,1998,3,8,August,14,6,Friday,False
19980815,1998-08-15,1998,3,8,August,15,7,Saturday,True
19980816,1998-08-16,1998,3,8,August,16,1,Sunday,True
19980817,1998-08-17,1998,3,8,August,17,2,Monday,False
19980818,1998-08-18,1998,3,8,August,18,3,Tuesday,False
19980819,1998-08-19,1998,3,8,August,19,4,Wednesday,False
19980820,1998-08-20,1998,3,8,August,20,5,Thursday,False
19980821,1998-08-21,1998,3,8,August,21,6,Friday,False
19980822,1998-08-22,1998,3,8,August,22,7,Saturday,True
19980823,1998-08-23,1998,3,8,August,23,1,Sunday,True
19980824,1998-08-24,1998,3,8,August,24,2,Monday,False
19980825,1998-08-25,1998,3,8,August,25,3,Tuesday,False
19980826,1998-08-26,1998,3,8,August,26,4,Wednesday,False
19980827,1998-08-27,1998,3,8,August,27,5,Thursday,False
19980828,1998-08-28,1998,3,8,August,28,6,Friday,False
19980829,1998-08-29,1998,3,8,August,29,7,Saturday,True
19980830,1998-08-30,1998,3,8,August,30,1,Sunday,True
19980831,1998-08-31,1998,3,8,August,31,2,Monday,False
19980901,1998-09-01,1998,3,9,September,1,3,Tuesday,False
19980902,1998-09-02,1998,3,9,September,2,4,Wednesday,False
19980903,1998-09-03,1998,3,9,September,3,5,Thursday,False
19980904,1998-09-04,1998,3,9,September,4,6,Friday,False
19980905,1998-09-05,1998,3,9,September,5,7,Saturday,True
19980906,1998-09-06,1998,3,9,September,6,1,Sunday,True
19980907,1998-09-07,1998,3,9,September,7,2,Monday,False
19980908,1998-09-08,1998,3,9,September,8,3,Tuesday,False
19980909,1998-09-09,1998,3,9,September,9,4,Wednesday,False
19980910,1998-09-10,1998,3,9,September,10,5,Thursday,False
19980911,1998-09-11,1998,3,9,September,11,6,Friday,False
19980912,1998-09-12,1998,3,9,September,12,7,Saturday,True
19980913,1998-09-13,1998,3,9,September,13,1,Sunday,True
19980914,1998-09-14,1998,3,9,September,14,2,Monday,False
19980915,1998-09-15,1998,3,9,September,15,3,Tuesday,False
19980916,1998-09-16,1998,3,9,September,16,4,Wednesday,False
19980917,1998-09-17,1998,3,9,September,17,5,Thursday,False
19980918,1998-09-18,1998,3,9,September,18,6,Friday,False
19980919,1998-09-19,1998,3,9,September,19,7,Saturday,True
19980920,1998-09-20,1998,3,9,September,20,1,Sunday,True
19980921,1998-09-21,1998,3,9,September,21,2,Monday,False
19980922,1998-09-22,1998,3,9,September,22,3,Tuesday,False
19980923,1998-09-23,1998,3,9,September,23,4,Wednesday,False
19980924,1998-09-24,1998,3,9,September,24,5,Thursday,False
19980925,1998-09-25,1998,3,9,September,25,6,Friday,False
19980926,1998-09-26,1998,3,9,September,26,7,Saturday,True
19980927,1998-09-27,1998,3,9,September,27,1,Sunday,True
19980928,1998-09-28,1998,3,9,September,28,2,Monday,False
19980929,1998-09-29,1998,3,9,September,29,3,Tuesday,False
19980930,1998-09-30,1998,3,9,September,30,4,Wednesday,False
19981001,1998-10-01,1998,4,10,October,1,5,Thursday,False
19981002,1998-10-02,1998,4,10,October,2,6,Friday,False
19981003,1998-10-03,1998,4,10,October,3,7,Saturday,True
19981004,1998-10-04,1998,4,10,October,4,1,Sunday,True
19981005,1998-10-05,1998,4,10,October,5,2,Monday,False
19981006,1998-10-06,1998,4,10,October,6,3,Tuesday,False
19981007,1998-10-07,1998,4,10,October,7,4,Wednesday,False
19981008,1998-10-08,1998,4,10,October,8,5,Thursday,False
19981009,1998-10-09,1998,4,10,October,9,6,Friday,False
19981010,1998-10-10,1998,4,10,October,10,7,Saturday,True
19981011,1998-10-11,1998,4,10,October,11,1,Sunday,True
19981012,1998-10-12,1998,4,10,October,12,2,Monday,False
19981013,1998-10-13,1998,4,10,October,13,3,Tuesday,False
19981014,1998-10-14,1998,4,10,October,14,4,Wednesday,False
19981015,1998-10-15,1998,4,10,October,15,5,Thursday,False
19981016,1998-10-16,1998,4,10,October,16,6,Friday,False
19981017,1998-10-17,1998,4,10,October,17,7,Saturday,True
19981018,1998-10-18,1998,4,10,October,18,1,Sunday,True
19981019,1998-10-19,1998,4,10,October,19,2,Monday,False
19981020,1998-10-20,1998,4,10,October,20,3,Tuesday,False
19981021,1998-10-21,1998,4,10,October,21,4,Wednesday,False
19981022,1998-10-22,1998,4,10,October,22,5,Thursday,False
19981023,1998-10-23,1998,4,10,October,23,6,Friday,False
19981024,1998-10-24,1998,4,10,October,24,7,Saturday,True
19981025,1998-10-25,1998,4,10,October,25,1,Sunday,True
19981026,1998-10-26,1998,4,10,October,26,2,Monday,False
19981027,1998-10-27,1998,4,10,October,27,3,Tuesday,False
19981028,1998-10-28,1998,4,10,October,28,4,Wednesday,False
19981029,1998-10-29,1998,4,10,October,29,5,Thursday,False
19981030,1998-10-30,1998,4,10,October,30,6,Friday,False
19981031,1998-10-31,1998,4,10,October,31,7,Saturday,True
19981101,1998-11-01,1998,4,11,November,1,1,Sunday,True
19981102,1998-11-02,1998,4,11,November,2,2,Monday,False
19981103,1998-11-03,1998,4,11,November,3,3,Tuesday,False
19981104,1998-11-04,1998,4,11,November,4,4,Wednesday,False
19981105,1998-11-05,1998,4,11,November,5,5,Thursday,False
19981106,1998-11-06,1998,4,11,November,6,6,Friday,False
19981107,1998-11-07,1998,4,11,November,7,7,Saturday,True
19981108,1998-11-08,1998,4,11,November,8,1,Sunday,True
19981109,1998-11-09,1998,4,11,November,9,2,Monday,False
19981110,1998-11-10,1998,4,11,November,10,3,Tuesday,False
19981111,1998-11-11,1998,4,11,November,11,4,Wednesday,False
19981112,1998-11-12,1998,4,11,November,12,5,Thursday,False
19981113,1998-11-13,1998,4,11,November,13,6,Friday,False
19981114,1998-11-14,1998,4,11,November,14,7,Saturday,True
19981115,1998-11-15,1998,4,11,November,15,1,Sunday,True
19981116,1998-11-16,1998,4,11,November,16,2,Monday,False
19981117,1998-11-17,1998,4,11,November,17,3,Tuesday,False
19981118,1998-11-18,1998,4,11,November,18,4,Wednesday,False
19981119,1998-11-19,1998,4,11,November,19,5,Thursday,False
19981120,1998-11-20,1998,4,11,November,20,6,Friday,False
19981121,1998-11-21,1998,4,11,November,21,7,Saturday,True
19981122,1998-11-22,1998,4,11,November,22,1,Sunday,True
19981123,1998-11-23,1998,4,11,November,23,2,Monday,False
19981124,1998-11-24,1998,4,11,November,24,3,Tuesday,False
19981125,1998-11-25,1998,4,11,November,25,4,Wednesday,False
19981126,1998-11-26,1998,4,11,November,26,5,Thursday,False
19981127,1998-11-27,1998,4,11,November,27,6,Friday,False
19981128,1998-11-28,1998,4,11,November,28,7,Saturday,True
19981129,1998-11-29,1998,4,11,November,29,1,Sunday,True
19981130,1998-11-30,1998,4,11,November,30,2,Monday,False
19981201,1998-12-01,1998,4,12,December,1,3,Tuesday,False
19981202,1998-12-02,1998,4,12,December,2,4,Wednesday,False
19981203,1998-12-03,1998,4,12,December,3,5,Thursday,False
19981204,1998-12-04,1998,4,12,December,4,6,Friday,False
19981205,1998-12-05,1998,4,12,December,5,7,Saturday,True
19981206,1998-12-06,1998,4,12,December,6,1,Sunday,True
19981207,1998-12-07,1998,4,12,December,7,2,Monday,False
19981208,1998-12-08,1998,4,12,December,8,3,Tuesday,False
19981209,1998-12-09,1998,4,12,December,9,4,Wednesday,False
19981210,1998-12-10,1998,4,12,December,10,5,Thursday,False
19981211,1998-12-11,1998,4,12,December,11,6,Friday,False
19981212,1998-12-12,1998,4,12,December,12,7,Saturday,True
19981213,1998-12-13,1998,4,12,December,13,1,Sunday,True
19981214,1998-12-14,1998,4,12,December,14,2,Monday,False
19981215,1998-12-15,1998,4,12,December,15,3,Tuesday,False
19981216,1998-12-16,1998,4,12,December,16,4,Wednesday,False
19981217,1998-12-17,1998,4,12,December,17,5,Thursday,False
19981218,1998-12-18,1998,4,12,December,18,6,Friday,False
19981219,1998-12-19,1998,4,12,December,19,7,Saturday,True
19981220,1998-12-20,1998,4,12,December,20,1,Sunday,True
19981221,1998-12-21,1998,4,12,December,21,2,Monday,False
19981222,1998-12-22,1998,4,12,December,22,3,Tuesday,False
19981223,1998-12-23,1998,4,12,December,23,4,Wednesday,False
19981224,1998-12-24,1998,4,12,December,24,5,Thursday,False
19981225,1998-12-25,1998,4,12,December,25,6,Friday,False
19981226,1998-12-26,1998,4,12,December,26,7,Saturday,True
19981227,1998-12-27,1998,4,12,December,27,1,Sunday,True
19981228,1998-12-28,1998,4,12,December,28,2,Monday,False
19981229,1998-12-29,1998,4,12,December,29,3,Tuesday,False
19981230,1998-12-30,1998,4,12,December,30,4,Wednesday,False
19981231,1998-12-31,1998,4,12,December,31,5,Thursday,False
